"order_id","customer_id","order_date","status"
"1","15","2025-12-17","completed"
"2","15","2025-07-10","completed"
"3","15","2025-07-15","completed"
"4","15","2025-06-12","completed"
"5","15","2026-03-21","completed"
"6","15","2026-08-13","completed"
"7","15","2025-09-10","completed"
"8","15","2025-10-23","completed"
"9","15","2026-08-24","completed"
"10","15","2026-06-05","completed"
"11","15","2025-03-02","completed"
"12","15","2025-05-19","completed"
"13","15","2026-01-01","completed"
"14","16","2026-06-16","completed"
"15","16","2026-04-11","completed"
"16","16","2025-06-17","completed"
"17","16","2025-07-08","completed"
"18","16","2026-02-11","completed"
"19","16","2025-12-12","completed"
"20","16","2026-05-16","completed"
"21","16","2026-03-07","completed"
"22","44","2025-11-05","completed"
"23","44","2025-10-07","completed"
"24","44","2026-06-16","completed"
"25","44","2026-07-15","completed"
"26","44","2025-11-26","completed"
"27","44","2026-05-14","completed"
"28","44","2026-06-15","completed"
"29","44","2026-08-16","completed"
"30","44","2026-03-18","completed"
"31","44","2025-04-11","completed"
"32","44","2025-11-14","cancelled"
"33","44","2026-08-15","completed"
"34","1","2026-03-26","completed"
"35","1","2026-07-15","completed"
"36","1","2025-07-04","completed"
"37","1","2026-07-30","completed"
"38","1","2026-07-16","completed"
"39","1","2026-01-03","completed"
"40","1","2025-11-12","completed"
"41","1","2026-07-16","completed"
"42","1","2025-12-07","cancelled"
"43","1","2025-10-07","completed"
"44","1","2025-10-12","completed"
"45","1","2025-08-01","completed"
"46","1","2026-08-24","completed"
"47","24","2025-05-29","completed"
"48","24","2025-11-07","completed"
"49","24","2026-07-30","cancelled"
"50","24","2025-07-11","completed"
"51","24","2026-01-12","completed"
"52","24","2025-10-04","completed"
"53","24","2025-12-14","completed"
"54","24","2025-11-05","completed"
"55","24","2025-07-28","completed"
"56","24","2025-05-04","completed"
"57","24","2025-07-31","completed"
"58","24","2026-01-11","completed"
"59","13","2025-05-03","completed"
"60","13","2026-07-28","completed"
"61","13","2025-05-16","completed"
"62","13","2025-08-31","completed"
"63","13","2025-12-14","completed"
"64","13","2025-12-23","completed"
"65","13","2025-05-05","completed"
"66","48","2025-10-09","completed"
"67","48","2026-07-13","completed"
"68","48","2025-06-07","completed"
"69","48","2025-05-05","completed"
"70","48","2025-05-06","completed"
"71","9","2025-09-10","completed"
"72","9","2025-07-04","completed"
"73","9","2026-05-21","completed"
"74","9","2025-09-20","completed"
"75","9","2026-02-16","completed"
"76","9","2025-08-20","completed"
"77","9","2025-11-17","cancelled"
"78","9","2026-04-17","completed"
"79","9","2026-07-03","completed"
"80","32","2025-10-17","completed"
"81","32","2026-01-05","completed"
"82","32","2026-05-15","completed"
"83","32","2025-12-22","completed"
"84","32","2025-07-02","completed"
"85","32","2025-11-27","completed"
"86","32","2026-03-25","completed"
"87","34","2025-11-02","completed"
"88","34","2026-07-15","completed"
"89","34","2026-08-03","completed"
"90","34","2025-11-13","completed"
"91","34","2026-03-13","completed"
"92","34","2025-09-27","completed"
"93","34","2025-08-19","completed"
"94","34","2025-04-15","completed"
"95","34","2025-07-03","completed"
"96","34","2026-03-20","completed"
"97","34","2025-05-14","completed"
"98","34","2025-11-24","completed"
"99","34","2025-04-16","completed"
"100","34","2026-07-11","completed"
"101","41","2026-05-14","completed"
"102","41","2025-05-01","completed"
"103","41","2025-10-04","completed"
"104","41","2026-05-16","completed"
"105","41","2025-10-22","completed"
"106","41","2025-10-28","completed"
"107","41","2026-06-05","completed"
"108","41","2025-12-06","completed"
"109","41","2025-06-16","completed"
"110","41","2025-08-22","completed"
"111","50","2025-04-03","completed"
"112","50","2026-04-06","completed"
"113","50","2026-07-21","completed"
"114","50","2026-02-26","completed"
"115","50","2025-10-26","completed"
"116","50","2025-08-15","completed"
"117","50","2025-07-30","completed"
"118","50","2025-09-23","completed"
"119","50","2026-04-27","completed"
"120","50","2026-04-28","completed"
"121","50","2025-06-21","completed"
"122","50","2025-07-03","completed"
"123","50","2025-08-18","completed"
"124","50","2026-04-21","completed"
"125","36","2026-06-15","completed"
"126","36","2026-03-26","completed"
"127","36","2026-04-13","completed"
"128","36","2025-08-23","completed"
"129","36","2025-11-26","completed"
"130","36","2026-05-05","completed"
"131","36","2025-05-12","completed"
"132","36","2025-07-09","completed"
"133","5","2026-06-03","completed"
"134","5","2025-09-26","completed"
"135","5","2026-01-16","completed"
"136","5","2025-06-25","completed"
"137","5","2026-06-17","completed"
"138","5","2026-05-18","completed"
"139","37","2026-04-21","completed"
"140","37","2026-03-19","completed"
"141","37","2026-04-29","completed"
"142","37","2026-07-29","completed"
"143","37","2026-08-18","completed"
"144","37","2026-07-24","completed"
"145","37","2026-03-16","completed"
"146","37","2026-07-05","completed"
"147","37","2025-11-18","completed"
"148","37","2026-05-03","completed"
"149","4","2025-10-20","completed"
"150","4","2026-08-17","completed"
"151","4","2025-07-14","completed"
"152","4","2025-05-11","completed"
"153","4","2025-07-06","cancelled"
"154","4","2025-12-18","completed"
"155","4","2026-06-07","completed"
"156","4","2026-02-07","completed"
"157","26","2026-02-28","completed"
"158","26","2025-05-06","completed"
"159","26","2025-10-18","completed"
"160","26","2026-06-10","completed"
"161","26","2025-03-23","completed"
"162","26","2026-02-13","completed"
"163","26","2026-03-01","cancelled"
"164","26","2025-07-02","completed"
"165","43","2026-05-20","completed"
"166","43","2025-10-11","completed"
"167","43","2025-06-17","completed"
"168","43","2026-02-21","completed"
"169","43","2025-10-26","completed"
"170","43","2025-03-03","cancelled"
"171","43","2026-03-08","completed"
"172","43","2025-12-24","completed"
"173","43","2026-02-07","completed"
"174","43","2026-04-05","completed"
"175","29","2026-05-11","completed"
"176","29","2026-03-13","completed"
"177","29","2025-09-01","completed"
"178","29","2026-01-07","cancelled"
"179","29","2026-04-06","cancelled"
"180","29","2026-03-24","completed"
"181","29","2025-05-13","completed"
"182","29","2025-06-11","cancelled"
"183","29","2025-08-20","completed"
"184","29","2026-07-11","completed"
"185","29","2026-05-10","completed"
"186","29","2025-05-06","completed"
"187","29","2026-02-01","completed"
"188","33","2026-02-10","completed"
"189","33","2026-04-19","completed"
"190","33","2025-03-11","completed"
"191","33","2025-06-10","completed"
"192","33","2026-06-04","completed"
"193","2","2026-07-12","completed"
"194","2","2025-08-17","completed"
"195","2","2026-07-20","completed"
"196","2","2026-07-22","completed"
"197","2","2025-07-13","completed"
"198","2","2025-07-24","completed"
"199","2","2025-05-25","completed"
"200","2","2026-03-01","completed"
"201","2","2026-03-16","completed"
"202","2","2026-01-31","completed"
"203","2","2025-08-12","completed"
"204","2","2025-07-13","completed"
"205","31","2025-03-13","completed"
"206","31","2026-04-19","completed"
"207","31","2025-11-07","completed"
"208","31","2026-05-21","completed"
"209","31","2025-09-13","completed"
"210","31","2026-07-09","completed"
"211","31","2025-11-01","completed"
"212","31","2026-06-24","completed"
"213","31","2025-09-05","completed"
"214","31","2025-10-02","completed"
"215","31","2025-12-14","completed"
"216","31","2025-06-22","completed"
"217","39","2025-04-01","completed"
"218","39","2025-12-21","completed"
"219","39","2025-11-05","completed"
"220","39","2025-11-27","completed"
"221","39","2025-11-02","completed"
"222","39","2025-08-15","completed"
"223","39","2026-07-14","cancelled"
"224","19","2025-03-15","completed"
"225","19","2025-03-21","completed"
"226","19","2025-10-13","completed"
"227","19","2025-11-26","completed"
"228","19","2025-03-06","completed"
"229","19","2025-06-22","completed"
"230","19","2026-06-22","completed"
"231","12","2025-10-07","completed"
"232","12","2025-12-15","completed"
"233","12","2025-04-20","completed"
"234","12","2026-03-28","completed"
"235","12","2026-01-30","completed"
"236","12","2025-12-22","completed"
"237","12","2025-09-20","completed"
"238","12","2026-03-16","completed"
"239","12","2025-12-30","completed"
"240","12","2026-02-25","completed"
"241","12","2026-02-15","completed"
"242","20","2025-12-31","completed"
"243","20","2025-05-16","completed"
"244","20","2026-02-25","completed"
"245","20","2025-09-23","completed"
"246","21","2025-05-05","completed"
"247","21","2026-04-24","completed"
"248","21","2025-07-15","completed"
"249","21","2025-11-15","completed"
"250","21","2026-04-16","completed"
"251","27","2026-02-11","completed"
"252","27","2026-03-27","completed"
"253","27","2025-10-04","completed"
"254","27","2026-05-02","completed"
"255","27","2026-04-20","completed"
"256","27","2025-10-08","completed"
"257","49","2025-08-28","completed"
"258","49","2025-06-15","completed"
"259","49","2026-02-18","completed"
"260","49","2025-07-15","completed"
"261","49","2026-04-21","completed"
"262","46","2026-01-20","completed"
"263","46","2026-01-26","completed"
"264","35","2025-10-26","completed"
"265","35","2025-05-14","completed"
"266","35","2025-10-28","completed"
"267","40","2025-08-11","completed"
"268","40","2025-06-28","completed"
"269","8","2026-05-05","completed"
"270","8","2026-02-08","completed"
"271","8","2026-01-21","completed"
"272","8","2025-04-23","completed"
"273","8","2026-04-05","completed"
"274","8","2025-05-11","completed"
"275","30","2026-01-28","completed"
"276","30","2025-04-30","completed"
"277","30","2025-08-21","completed"
"278","30","2025-03-22","completed"
"279","3","2025-03-20","completed"
"280","3","2026-02-03","completed"
"281","3","2025-08-16","completed"
"282","17","2025-12-30","cancelled"
"283","17","2025-08-29","completed"
"284","17","2025-08-09","completed"
"285","17","2025-10-30","completed"
"286","17","2025-03-12","completed"
"287","17","2025-03-07","completed"
"288","38","2026-05-17","completed"
"289","38","2025-08-10","completed"
"290","38","2026-04-05","completed"
"291","38","2025-04-27","completed"
"292","23","2025-10-16","completed"
"293","23","2025-05-26","completed"
"294","23","2026-04-09","cancelled"
"295","23","2026-02-19","completed"
"296","23","2025-04-19","completed"
"297","42","2026-02-28","completed"
"298","42","2025-09-15","completed"
"299","42","2025-09-20","completed"
"300","42","2025-10-03","completed"
"301","42","2025-10-12","completed"
"302","42","2025-09-22","completed"
"303","25","2026-03-28","completed"
"304","25","2026-05-12","completed"
"305","25","2026-01-22","completed"
"306","25","2025-07-23","completed"
"307","6","2026-05-05","completed"
"308","7","2026-08-14","completed"
"309","47","2026-01-10","completed"
"310","14","2025-10-26","completed"
"311","10","2025-09-02","completed"
"312","18","2025-10-02","completed"
"313","22","2025-09-07","completed"
"314","28","2026-03-14","completed"
"315","45","2026-02-03","completed"
"316","11","2026-02-14","completed"