order_item_id,order_id,product_id,quantity,unit_price
1,1,9,1,95000.00
2,1,18,2,112000.00
3,1,8,1,68000.00
4,1,11,3,165000.00
5,2,19,2,38000.00
6,2,11,4,165000.00
7,3,5,5,2650.00
8,3,9,5,95000.00
9,3,20,3,1450.00
10,3,8,5,68000.00
11,4,12,4,22000.00
12,4,8,1,68000.00
13,4,5,1,2650.00
14,4,17,1,45000.00
15,5,20,5,1450.00
16,5,3,4,4100.00
17,5,13,5,32000.00
18,5,18,3,112000.00
19,6,18,3,112000.00
20,7,6,5,3800.00
21,7,15,2,8500.00
22,7,1,5,2450.00
23,7,9,1,95000.00
24,8,5,2,2650.00
25,8,12,5,22000.00
26,9,1,2,2450.00
27,9,4,1,1850.00
28,9,12,2,22000.00
29,9,10,5,128000.00
30,10,3,4,4100.00
31,10,18,5,112000.00
32,10,5,2,2650.00
33,10,19,3,38000.00
34,11,7,4,1650.00
35,11,18,3,112000.00
36,11,20,4,1450.00
37,11,10,5,128000.00
38,12,3,1,4100.00
39,12,11,5,165000.00
40,13,3,1,4100.00
41,14,3,3,4100.00
42,14,17,4,45000.00
43,14,8,2,68000.00
44,15,8,1,68000.00
45,15,16,1,3200.00
46,15,14,4,58000.00
47,15,7,3,1650.00
48,16,4,1,1850.00
49,17,8,2,68000.00
50,18,14,3,58000.00
51,18,6,4,3800.00
52,19,15,5,8500.00
53,20,3,2,4100.00
54,21,7,4,1650.00
55,21,13,1,32000.00
56,21,2,4,3200.00
57,21,6,3,3800.00
58,22,5,1,2650.00
59,22,7,5,1650.00
60,22,10,5,128000.00
61,22,19,1,38000.00
62,23,17,5,45000.00
63,23,20,1,1450.00
64,23,6,2,3800.00
65,23,2,1,3200.00
66,24,13,5,32000.00
67,24,4,2,1850.00
68,25,19,3,38000.00
69,25,20,2,1450.00
70,25,17,3,45000.00
71,25,11,2,165000.00
72,26,15,1,8500.00
73,26,11,4,165000.00
74,26,3,5,4100.00
75,27,17,2,45000.00
76,27,9,3,95000.00
77,28,10,5,128000.00
78,28,6,3,3800.00
79,28,15,5,8500.00
80,29,4,1,1850.00
81,29,5,1,2650.00
82,29,9,5,95000.00
83,30,11,3,165000.00
84,30,7,5,1650.00
85,31,3,4,4100.00
86,32,5,4,2650.00
87,32,9,5,95000.00
88,32,6,4,3800.00
89,33,18,3,112000.00
90,33,2,5,3200.00
91,34,10,3,128000.00
92,35,8,3,68000.00
93,35,4,5,1850.00
94,36,8,2,68000.00
95,36,6,4,3800.00
96,37,14,2,58000.00
97,37,8,1,68000.00
98,37,9,4,95000.00
99,38,7,3,1650.00
100,38,15,3,8500.00
101,39,13,3,32000.00
102,39,11,1,165000.00
103,40,18,3,112000.00
104,40,11,2,165000.00
105,40,1,5,2450.00
106,40,4,3,1850.00
107,41,12,1,22000.00
108,41,11,4,165000.00
109,41,14,5,58000.00
110,41,17,2,45000.00
111,42,1,3,2450.00
112,42,17,4,45000.00
113,42,18,1,112000.00
114,42,7,3,1650.00
115,43,10,5,128000.00
116,44,13,2,32000.00
117,44,10,2,128000.00
118,44,18,4,112000.00
119,45,20,3,1450.00
120,45,19,4,38000.00
121,46,14,5,58000.00
122,46,19,3,38000.00
123,47,17,2,45000.00
124,47,16,1,3200.00
125,48,3,2,4100.00
126,48,8,2,68000.00
127,48,10,2,128000.00
128,49,20,5,1450.00
129,49,3,2,4100.00
130,49,15,4,8500.00
131,49,14,4,58000.00
132,50,4,4,1850.00
133,51,2,4,3200.00
134,51,18,2,112000.00
135,51,8,4,68000.00
136,51,4,5,1850.00
137,52,20,2,1450.00
138,52,17,4,45000.00
139,52,14,4,58000.00
140,52,15,3,8500.00
141,53,17,3,45000.00
142,53,16,4,3200.00
143,53,8,1,68000.00
144,54,11,2,165000.00
145,54,18,2,112000.00
146,54,3,2,4100.00
147,55,3,4,4100.00
148,55,14,3,58000.00
149,56,14,5,58000.00
150,56,13,1,32000.00
151,57,10,5,128000.00
152,57,13,5,32000.00
153,57,14,5,58000.00
154,58,14,4,58000.00
155,58,16,3,3200.00
156,58,1,4,2450.00
157,59,13,5,32000.00
158,60,5,3,2650.00
159,60,15,4,8500.00
160,60,6,3,3800.00
161,60,2,2,3200.00
162,61,9,4,95000.00
163,61,14,1,58000.00
164,61,20,5,1450.00
165,61,3,1,4100.00
166,62,2,1,3200.00
167,63,20,2,1450.00
168,64,19,2,38000.00
169,65,6,3,3800.00
170,65,4,1,1850.00
171,65,20,5,1450.00
172,66,13,1,32000.00
173,66,7,3,1650.00
174,66,3,5,4100.00
175,66,8,1,68000.00
176,67,12,1,22000.00
177,67,3,4,4100.00
178,67,17,4,45000.00
179,67,11,1,165000.00
180,68,5,3,2650.00
181,68,14,5,58000.00
182,68,6,5,3800.00
183,68,17,4,45000.00
184,69,11,3,165000.00
185,69,8,4,68000.00
186,69,3,2,4100.00
187,70,11,2,165000.00
188,70,1,4,2450.00
189,70,16,2,3200.00
190,70,20,3,1450.00
191,71,18,2,112000.00
192,71,1,1,2450.00
193,71,17,2,45000.00
194,72,16,4,3200.00
195,72,20,1,1450.00
196,73,8,5,68000.00
197,73,10,5,128000.00
198,73,12,3,22000.00
199,73,16,4,3200.00
200,74,9,1,95000.00
201,74,10,2,128000.00
202,74,20,3,1450.00
203,74,8,1,68000.00
204,75,9,1,95000.00
205,75,19,2,38000.00
206,75,17,3,45000.00
207,75,10,2,128000.00
208,76,18,2,112000.00
209,77,18,3,112000.00
210,78,4,4,1850.00
211,78,1,4,2450.00
212,78,10,3,128000.00
213,78,16,2,3200.00
214,79,4,1,1850.00
215,79,3,5,4100.00
216,79,13,1,32000.00
217,79,16,2,3200.00
218,80,4,4,1850.00
219,80,18,5,112000.00
220,81,15,3,8500.00
221,81,20,5,1450.00
222,81,10,5,128000.00
223,81,14,1,58000.00
224,82,7,1,1650.00
225,82,9,2,95000.00
226,83,6,1,3800.00
227,84,10,3,128000.00
228,84,2,4,3200.00
229,84,8,1,68000.00
230,84,20,2,1450.00
231,85,14,5,58000.00
232,85,4,2,1850.00
233,86,3,2,4100.00
234,86,2,3,3200.00
235,87,10,5,128000.00
236,87,13,4,32000.00
237,87,9,4,95000.00
238,87,17,1,45000.00
239,88,20,1,1450.00
240,88,9,2,95000.00
241,88,1,5,2450.00
242,89,19,4,38000.00
243,89,2,5,3200.00
244,89,6,4,3800.00
245,90,16,4,3200.00
246,90,3,3,4100.00
247,90,20,3,1450.00
248,90,12,1,22000.00
249,91,10,4,128000.00
250,91,13,1,32000.00
251,91,18,3,112000.00
252,91,2,3,3200.00
253,92,17,4,45000.00
254,92,1,1,2450.00
255,92,18,2,112000.00
256,92,15,5,8500.00
257,93,15,5,8500.00
258,93,2,2,3200.00
259,93,7,3,1650.00
260,93,9,4,95000.00
261,94,6,5,3800.00
262,94,10,1,128000.00
263,95,15,1,8500.00
264,96,17,4,45000.00
265,96,9,4,95000.00
266,96,14,2,58000.00
267,97,7,3,1650.00
268,97,17,4,45000.00
269,97,5,3,2650.00
270,97,3,5,4100.00
271,98,10,2,128000.00
272,98,19,4,38000.00
273,98,16,5,3200.00
274,99,15,5,8500.00
275,99,11,4,165000.00
276,99,7,2,1650.00
277,99,8,4,68000.00
278,100,13,1,32000.00
279,100,20,2,1450.00
280,100,5,5,2650.00
281,100,16,5,3200.00
282,101,4,2,1850.00
283,101,17,4,45000.00
284,101,15,2,8500.00
285,101,1,1,2450.00
286,102,11,3,165000.00
287,102,13,5,32000.00
288,102,3,4,4100.00
289,103,18,3,112000.00
290,103,2,2,3200.00
291,103,3,1,4100.00
292,103,8,4,68000.00
293,104,15,2,8500.00
294,105,11,1,165000.00
295,106,5,5,2650.00
296,106,8,2,68000.00
297,106,17,2,45000.00
298,106,14,2,58000.00
299,107,20,2,1450.00
300,107,8,4,68000.00
301,107,16,3,3200.00
302,107,5,4,2650.00
303,108,10,4,128000.00
304,108,18,3,112000.00
305,108,6,5,3800.00
306,108,3,3,4100.00
307,109,10,1,128000.00
308,109,7,2,1650.00
309,109,13,4,32000.00
310,109,16,5,3200.00
311,110,1,1,2450.00
312,110,13,5,32000.00
313,110,9,1,95000.00
314,111,8,2,68000.00
315,111,12,5,22000.00
316,111,20,3,1450.00
317,112,10,4,128000.00
318,113,3,3,4100.00
319,113,10,4,128000.00
320,114,17,2,45000.00
321,114,20,3,1450.00
322,114,9,4,95000.00
323,115,4,2,1850.00
324,115,15,2,8500.00
325,115,3,4,4100.00
326,116,1,4,2450.00
327,116,9,3,95000.00
328,116,18,3,112000.00
329,116,4,5,1850.00
330,117,4,1,1850.00
331,117,8,5,68000.00
332,117,16,5,3200.00
333,118,3,3,4100.00
334,118,15,4,8500.00
335,119,10,4,128000.00
336,120,13,3,32000.00
337,120,15,5,8500.00
338,121,14,4,58000.00
339,121,4,5,1850.00
340,122,2,4,3200.00
341,122,12,4,22000.00
342,122,7,2,1650.00
343,123,18,4,112000.00
344,123,12,3,22000.00
345,123,2,2,3200.00
346,124,3,3,4100.00
347,124,7,2,1650.00
348,124,1,2,2450.00
349,124,2,5,3200.00
350,125,19,2,38000.00
351,125,7,3,1650.00
352,126,9,2,95000.00
353,127,4,2,1850.00
354,127,1,1,2450.00
355,128,19,1,38000.00
356,128,11,2,165000.00
357,129,17,4,45000.00
358,129,4,3,1850.00
359,129,3,5,4100.00
360,129,16,5,3200.00
361,130,20,5,1450.00
362,130,2,3,3200.00
363,131,2,4,3200.00
364,132,16,4,3200.00
365,133,3,3,4100.00
366,133,5,5,2650.00
367,134,15,1,8500.00
368,134,17,1,45000.00
369,134,14,5,58000.00
370,135,14,4,58000.00
371,135,11,4,165000.00
372,136,14,3,58000.00
373,136,11,2,165000.00
374,136,9,4,95000.00
375,137,3,4,4100.00
376,138,5,5,2650.00
377,138,18,5,112000.00
378,138,2,5,3200.00
379,139,2,1,3200.00
380,139,10,5,128000.00
381,139,19,5,38000.00
382,139,12,2,22000.00
383,140,4,5,1850.00
384,140,12,3,22000.00
385,141,14,5,58000.00
386,141,18,5,112000.00
387,142,1,3,2450.00
388,142,6,3,3800.00
389,142,9,3,95000.00
390,143,19,1,38000.00
391,143,13,2,32000.00
392,144,13,4,32000.00
393,144,14,3,58000.00
394,145,19,2,38000.00
395,145,3,2,4100.00
396,145,2,5,3200.00
397,146,15,5,8500.00
398,146,14,4,58000.00
399,146,16,4,3200.00
400,147,12,4,22000.00
401,148,17,4,45000.00
402,148,10,5,128000.00
403,148,2,1,3200.00
404,148,8,1,68000.00
405,149,9,3,95000.00
406,149,10,1,128000.00
407,150,6,5,3800.00
408,150,5,5,2650.00
409,150,13,3,32000.00
410,150,8,1,68000.00
411,151,14,1,58000.00
412,152,19,4,38000.00
413,152,14,3,58000.00
414,152,13,1,32000.00
415,153,6,1,3800.00
416,153,15,4,8500.00
417,153,12,1,22000.00
418,154,17,3,45000.00
419,154,3,2,4100.00
420,154,13,3,32000.00
421,154,10,2,128000.00
422,155,17,5,45000.00
423,156,12,1,22000.00
424,156,5,2,2650.00
425,156,8,3,68000.00
426,157,6,4,3800.00
427,158,19,4,38000.00
428,158,11,1,165000.00
429,158,20,4,1450.00
430,158,5,4,2650.00
431,159,12,5,22000.00
432,160,2,1,3200.00
433,160,20,1,1450.00
434,160,12,5,22000.00
435,160,10,5,128000.00
436,161,15,5,8500.00
437,162,17,1,45000.00
438,162,5,3,2650.00
439,162,2,1,3200.00
440,162,15,5,8500.00
441,163,15,3,8500.00
442,163,17,3,45000.00
443,163,19,3,38000.00
444,163,6,4,3800.00
445,164,11,1,165000.00
446,165,10,1,128000.00
447,165,9,5,95000.00
448,165,5,2,2650.00
449,165,11,3,165000.00
450,166,5,3,2650.00
451,166,3,2,4100.00
452,166,10,5,128000.00
453,166,13,1,32000.00
454,167,12,3,22000.00
455,168,16,2,3200.00
456,168,7,2,1650.00
457,168,8,1,68000.00
458,169,17,5,45000.00
459,170,20,2,1450.00
460,170,5,2,2650.00
461,170,13,2,32000.00
462,171,14,3,58000.00
463,172,15,2,8500.00
464,172,8,3,68000.00
465,172,18,4,112000.00
466,173,15,5,8500.00
467,173,10,4,128000.00
468,173,13,2,32000.00
469,173,17,2,45000.00
470,174,16,3,3200.00
471,175,10,1,128000.00
472,176,14,2,58000.00
473,176,3,4,4100.00
474,177,2,2,3200.00
475,177,13,4,32000.00
476,177,17,1,45000.00
477,177,12,3,22000.00
478,178,11,2,165000.00
479,179,5,1,2650.00
480,179,16,1,3200.00
481,179,15,3,8500.00
482,179,1,2,2450.00
483,180,4,1,1850.00
484,180,10,1,128000.00
485,180,8,2,68000.00
486,180,19,4,38000.00
487,181,20,5,1450.00
488,181,18,2,112000.00
489,181,1,2,2450.00
490,181,17,3,45000.00
491,182,8,2,68000.00
492,182,19,1,38000.00
493,182,14,5,58000.00
494,183,13,4,32000.00
495,184,9,1,95000.00
496,184,1,3,2450.00
497,184,12,2,22000.00
498,185,5,5,2650.00
499,185,2,3,3200.00
500,185,12,2,22000.00
501,186,6,1,3800.00
502,186,5,3,2650.00
503,186,3,2,4100.00
504,186,15,1,8500.00
505,187,10,5,128000.00
506,187,17,4,45000.00
507,187,13,3,32000.00
508,188,11,3,165000.00
509,189,13,2,32000.00
510,189,15,4,8500.00
511,189,20,4,1450.00
512,189,11,3,165000.00
513,190,14,1,58000.00
514,191,18,3,112000.00
515,191,10,1,128000.00
516,192,10,2,128000.00
517,192,15,4,8500.00
518,192,14,3,58000.00
519,193,20,1,1450.00
520,193,14,1,58000.00
521,193,9,4,95000.00
522,194,1,5,2450.00
523,194,5,4,2650.00
524,195,12,4,22000.00
525,195,20,5,1450.00
526,196,12,5,22000.00
527,196,20,2,1450.00
528,196,15,5,8500.00
529,196,3,3,4100.00
530,197,8,2,68000.00
531,197,4,4,1850.00
532,197,1,5,2450.00
533,198,9,3,95000.00
534,199,16,2,3200.00
535,199,7,1,1650.00
536,199,4,4,1850.00
537,200,3,5,4100.00
538,200,11,5,165000.00
539,200,12,3,22000.00
540,200,20,3,1450.00
541,201,12,2,22000.00
542,201,17,1,45000.00
543,202,16,3,3200.00
544,202,1,5,2450.00
545,203,20,1,1450.00
546,203,3,3,4100.00
547,204,17,2,45000.00
548,204,14,3,58000.00
549,204,19,1,38000.00
550,204,3,4,4100.00
551,205,5,5,2650.00
552,205,14,1,58000.00
553,206,6,2,3800.00
554,206,20,3,1450.00
555,206,11,5,165000.00
556,207,7,2,1650.00
557,207,18,3,112000.00
558,207,9,5,95000.00
559,208,19,2,38000.00
560,208,20,2,1450.00
561,209,1,1,2450.00
562,210,7,5,1650.00
563,210,19,1,38000.00
564,210,14,4,58000.00
565,211,16,3,3200.00
566,211,8,4,68000.00
567,211,13,1,32000.00
568,212,16,5,3200.00
569,212,15,2,8500.00
570,212,7,3,1650.00
571,212,11,3,165000.00
572,213,12,5,22000.00
573,213,17,1,45000.00
574,214,9,4,95000.00
575,215,10,4,128000.00
576,216,11,3,165000.00
577,216,19,2,38000.00
578,217,16,1,3200.00
579,217,10,4,128000.00
580,217,20,5,1450.00
581,217,1,4,2450.00
582,218,2,4,3200.00
583,218,20,5,1450.00
584,218,10,4,128000.00
585,219,14,2,58000.00
586,220,12,5,22000.00
587,220,2,5,3200.00
588,220,13,2,32000.00
589,220,19,3,38000.00
590,221,18,1,112000.00
591,221,9,4,95000.00
592,221,4,3,1850.00
593,221,5,3,2650.00
594,222,20,4,1450.00
595,222,17,5,45000.00
596,223,11,5,165000.00
597,223,16,4,3200.00
598,224,6,5,3800.00
599,224,13,3,32000.00
600,224,10,5,128000.00
601,225,16,3,3200.00
602,225,1,1,2450.00
603,225,12,4,22000.00
604,226,20,4,1450.00
605,227,2,4,3200.00
606,227,19,2,38000.00
607,228,5,2,2650.00
608,228,8,1,68000.00
609,228,2,4,3200.00
610,228,4,3,1850.00
611,229,14,5,58000.00
612,229,17,4,45000.00
613,230,18,4,112000.00
614,230,11,5,165000.00
615,231,18,3,112000.00
616,231,11,5,165000.00
617,231,20,4,1450.00
618,231,12,2,22000.00
619,232,8,2,68000.00
620,232,10,4,128000.00
621,232,19,3,38000.00
622,233,10,4,128000.00
623,233,4,4,1850.00
624,233,18,3,112000.00
625,234,3,3,4100.00
626,234,12,4,22000.00
627,234,15,2,8500.00
628,235,18,1,112000.00
629,235,9,5,95000.00
630,235,5,5,2650.00
631,236,8,1,68000.00
632,236,2,4,3200.00
633,237,5,1,2650.00
634,238,16,3,3200.00
635,238,7,1,1650.00
636,238,10,1,128000.00
637,238,11,5,165000.00
638,239,6,4,3800.00
639,240,13,4,32000.00
640,241,2,5,3200.00
641,241,1,5,2450.00
642,241,10,1,128000.00
643,242,5,2,2650.00
644,242,17,1,45000.00
645,242,15,3,8500.00
646,242,9,2,95000.00
647,243,6,3,3800.00
648,243,1,5,2450.00
649,243,11,2,165000.00
650,244,14,4,58000.00
651,244,17,1,45000.00
652,244,11,2,165000.00
653,244,3,2,4100.00
654,245,1,4,2450.00
655,245,9,2,95000.00
656,246,10,3,128000.00
657,246,19,3,38000.00
658,246,1,2,2450.00
659,247,10,3,128000.00
660,247,6,1,3800.00
661,247,13,3,32000.00
662,247,17,3,45000.00
663,248,16,4,3200.00
664,248,5,5,2650.00
665,249,18,5,112000.00
666,249,7,4,1650.00
667,249,8,5,68000.00
668,249,3,3,4100.00
669,250,2,5,3200.00
670,251,6,5,3800.00
671,251,11,4,165000.00
672,252,3,4,4100.00
673,252,17,2,45000.00
674,252,15,5,8500.00
675,252,2,4,3200.00
676,253,10,1,128000.00
677,253,1,2,2450.00
678,253,13,5,32000.00
679,253,9,1,95000.00
680,254,18,1,112000.00
681,255,2,2,3200.00
682,255,10,4,128000.00
683,255,14,3,58000.00
684,255,6,4,3800.00
685,256,13,3,32000.00
686,256,3,1,4100.00
687,256,18,2,112000.00
688,256,5,5,2650.00
689,257,1,3,2450.00
690,257,20,4,1450.00
691,258,18,4,112000.00
692,258,13,3,32000.00
693,258,8,2,68000.00
694,258,20,3,1450.00
695,259,2,4,3200.00
696,260,8,2,68000.00
697,261,15,5,8500.00
698,262,15,1,8500.00
699,262,8,2,68000.00
700,262,18,5,112000.00
701,262,7,3,1650.00
702,263,19,3,38000.00
703,263,11,2,165000.00
704,263,8,5,68000.00
705,264,18,5,112000.00
706,265,18,4,112000.00
707,265,16,5,3200.00
708,265,2,3,3200.00
709,265,12,4,22000.00
710,266,6,2,3800.00
711,266,18,3,112000.00
712,266,16,2,3200.00
713,266,8,4,68000.00
714,267,18,2,112000.00
715,267,17,3,45000.00
716,267,5,2,2650.00
717,267,13,3,32000.00
718,268,12,1,22000.00
719,268,3,3,4100.00
720,268,18,4,112000.00
721,268,7,5,1650.00
722,269,19,2,38000.00
723,269,18,4,112000.00
724,270,10,2,128000.00
725,270,1,1,2450.00
726,270,7,4,1650.00
727,271,13,5,32000.00
728,271,8,3,68000.00
729,272,18,3,112000.00
730,272,12,5,22000.00
731,272,10,4,128000.00
732,272,9,4,95000.00
733,273,11,4,165000.00
734,273,7,1,1650.00
735,273,12,5,22000.00
736,273,20,2,1450.00
737,274,18,3,112000.00
738,274,19,2,38000.00
739,274,14,2,58000.00
740,275,16,3,3200.00
741,275,18,3,112000.00
742,276,15,2,8500.00
743,276,6,5,3800.00
744,276,12,4,22000.00
745,276,19,2,38000.00
746,277,17,1,45000.00
747,278,1,4,2450.00
748,279,5,1,2650.00
749,280,2,1,3200.00
750,280,16,1,3200.00
751,280,19,5,38000.00
752,281,17,3,45000.00
753,282,6,2,3800.00
754,282,4,2,1850.00
755,282,19,2,38000.00
756,282,17,5,45000.00
757,283,9,3,95000.00
758,283,13,4,32000.00
759,283,3,4,4100.00
760,284,10,1,128000.00
761,284,3,1,4100.00
762,285,2,4,3200.00
763,285,1,4,2450.00
764,285,6,3,3800.00
765,285,3,5,4100.00
766,286,8,2,68000.00
767,287,9,5,95000.00
768,287,2,5,3200.00
769,287,3,1,4100.00
770,287,20,2,1450.00
771,288,13,3,32000.00
772,288,3,2,4100.00
773,289,18,1,112000.00
774,289,11,5,165000.00
775,289,13,3,32000.00
776,289,5,1,2650.00
777,290,11,5,165000.00
778,291,11,4,165000.00
779,291,1,2,2450.00
780,291,9,3,95000.00
781,291,15,5,8500.00
782,292,3,1,4100.00
783,292,10,3,128000.00
784,292,8,2,68000.00
785,292,20,4,1450.00
786,293,13,3,32000.00
787,293,11,1,165000.00
788,294,15,1,8500.00
789,294,12,2,22000.00
790,294,9,1,95000.00
791,295,4,5,1850.00
792,295,1,1,2450.00
793,295,3,5,4100.00
794,295,12,5,22000.00
795,296,1,1,2450.00
796,296,10,5,128000.00
797,296,14,2,58000.00
798,296,13,5,32000.00
799,297,5,3,2650.00
800,297,9,3,95000.00
801,298,14,4,58000.00
802,298,9,3,95000.00
803,299,9,5,95000.00
804,299,8,5,68000.00
805,299,16,2,3200.00
806,300,1,5,2450.00
807,300,13,4,32000.00
808,300,11,3,165000.00
809,301,10,5,128000.00
810,301,11,2,165000.00
811,302,11,3,165000.00
812,302,10,4,128000.00
813,302,16,3,3200.00
814,302,8,4,68000.00
815,303,19,2,38000.00
816,303,18,5,112000.00
817,304,7,4,1650.00
818,304,15,4,8500.00
819,304,10,2,128000.00
820,304,3,3,4100.00
821,305,14,1,58000.00
822,305,13,4,32000.00
823,306,18,3,112000.00
824,306,17,5,45000.00
825,306,14,5,58000.00
826,306,2,1,3200.00
827,307,6,3,3800.00
828,307,2,4,3200.00
829,307,13,1,32000.00
830,308,17,5,45000.00
831,308,20,5,1450.00
832,309,15,3,8500.00
833,309,19,1,38000.00
834,309,17,4,45000.00
835,309,5,1,2650.00
836,310,4,2,1850.00
837,311,7,4,1650.00
838,311,17,1,45000.00
839,311,16,4,3200.00
840,311,12,4,22000.00
841,312,4,1,1850.00
842,313,8,2,68000.00
843,313,17,5,45000.00
844,314,15,2,8500.00
845,314,8,4,68000.00
846,314,13,4,32000.00
847,314,6,1,3800.00
848,315,13,3,32000.00
849,315,1,1,2450.00
850,315,7,5,1650.00
851,315,18,1,112000.00
852,316,15,3,8500.00
853,316,4,4,1850.00
