product_id,name,category,price
1,Air Compressor Filter Kit,Filters & Spares,2450.00
2,Air Oil Separator,Filters & Spares,3200.00
3,Atlas Copco Compatible Filter Kit,Filters & Spares,4100.00
4,Cartridge Filter for Compressed Air,Filters & Spares,1850.00
5,Compressed Air Filter,Filters & Spares,2650.00
6,Stainless Steel Replacement Filter Element,Filters & Spares,3800.00
7,Intake Air Filter Element,Filters & Spares,1650.00
8,Oil-Free Scroll Air Compressor 3HP,Oil-Free Air Compressors,68000.00
9,Oil-Free Screw Air Compressor 5HP,Oil-Free Air Compressors,95000.00
10,Oil-Free Rotary Compressor 7.5HP,Oil-Free Air Compressors,128000.00
11,Oil-Free Screw Air Compressor 10HP,Oil-Free Air Compressors,165000.00
12,Oil-Free Compressor Control Panel,Oil-Free Air Compressors,22000.00
13,Single Stage Reciprocating Compressor 2HP,Reciprocating Compressors,32000.00
14,Two Stage Reciprocating Compressor 5HP,Reciprocating Compressors,58000.00
15,Reciprocating Compressor Piston Kit,Reciprocating Compressors,8500.00
16,Reciprocating Compressor Pressure Switch,Reciprocating Compressors,3200.00
17,Rotary Vane Vacuum Pump,Vacuum Pumps,45000.00
18,Liquid Ring Vacuum Pump,Vacuum Pumps,112000.00
19,Permanent Magnet Motor 5HP,Permanent Magnet Motors,38000.00
20,Compressor Drive Belt Kit,Permanent Magnet Motors,1450.00
